{
  "frac": 0.25,
  "cutoff": 96,
  "n_train": 302208,
  "n_val": 21413,
  "n_features": 157,
  "scores": {
    "lgbm": 0.37989568535362106,
    "catboost": 0.37599981674050065,
    "xgboost": 0.3840211731503985
  },
  "ensemble": 0.38281221738295823,
  "weights": {
    "lgbm": 0.33326618831339644,
    "catboost": 0.3298485099008189,
    "xgboost": 0.3368853017857847
  },
  "baseline_ref": 0.36,
  "gain": 0.022812217382958244
}